A1,A2
A1,B1
A1,B2
A1,C2
A1,E1
A1,F1
A1,G1
A1,H1
A1,I1
A1,J1
A1,K1
A1,L1
A1,M1
A1,N1
A1,O1
A1,P1
A1,Q1
A1,R1
A1,S1
A1,T1
A1,U1
A1,V1
A1,W1
A1,X1
A1,Y1
A1,Z1
A2,B1
A2,B2
A2,C2
A2,E1
A2,F1
A2,G1
A2,H1
A2,I1
A2,J1
A2,K1
A2,L1
A2,M1
A2,N1
A2,O1
A2,P1
A2,Q1
A2,R1
A2,S1
A2,T1
A2,U1
A2,V1
A2,W1
A2,X1
A2,Y1
A2,Z1
B1,B2
B1,C2
B1,E1
B1,F1
B1,G1
B1,H1
B1,I1
B1,J1
B1,K1
B1,L1
B1,M1
B1,N1
B1,O1
B1,P1
B1,Q1
B1,R1
B1,S1
B1,T1
B1,U1
B1,V1
B1,W1
B1,X1
B1,Y1
B1,Z1
B2,C2
B2,E1
B2,F1
B2,G1
B2,H1
B2,I1
B2,J1
B2,K1
B2,L1
B2,M1
B2,N1
B2,O1
B2,P1
B2,Q1
B2,R1
B2,S1
B2,T1
B2,U1
B2,V1
B2,W1
B2,X1
B2,Y1
B2,Z1
C2,E1
C2,F1
C2,G1
C2,H1
C2,I1
C2,J1
C2,K1
C2,L1
C2,M1
C2,N1
C2,O1
C2,P1
C2,Q1
C2,R1
C2,S1
C2,T1
C2,U1
C2,V1
C2,W1
C2,X1
C2,Y1
C2,Z1
E1,F1
E1,G1
E1,H1
E1,I1
E1,J1
E1,K1
E1,L1
E1,M1
E1,N1
E1,O1
E1,P1
E1,Q1
E1,R1
E1,S1
E1,T1
E1,U1
E1,V1
E1,W1
E1,X1
E1,Y1
E1,Z1
F1,G1
F1,H1
F1,I1
F1,J1
F1,K1
F1,L1
F1,M1
F1,N1
F1,O1
F1,P1
F1,Q1
F1,R1
F1,S1
F1,T1
F1,U1
F1,V1
F1,W1
F1,X1
F1,Y1
F1,Z1
G1,H1
G1,I1
G1,J1
G1,K1
G1,L1
G1,M1
G1,N1
G1,O1
G1,P1
G1,Q1
G1,R1
G1,S1
G1,T1
G1,U1
G1,V1
G1,W1
G1,X1
G1,Y1
G1,Z1
H1,I1
H1,J1
H1,K1
H1,L1
H1,M1
H1,N1
H1,O1
H1,P1
H1,Q1
H1,R1
H1,S1
H1,T1
H1,U1
H1,V1
H1,W1
H1,X1
H1,Y1
H1,Z1
I1,J1
I1,K1
I1,L1
I1,M1
I1,N1
I1,O1
I1,P1
I1,Q1
I1,R1
I1,S1
I1,T1
I1,U1
I1,V1
I1,W1
I1,X1
I1,Y1
I1,Z1
J1,K1
J1,L1
J1,M1
J1,N1
J1,O1
J1,P1
J1,Q1
J1,R1
J1,S1
J1,T1
J1,U1
J1,V1
J1,W1
J1,X1
J1,Y1
J1,Z1
K1,L1
K1,M1
K1,N1
K1,O1
K1,P1
K1,Q1
K1,R1
K1,S1
K1,T1
K1,U1
K1,V1
K1,W1
K1,X1
K1,Y1
K1,Z1
L1,M1
L1,N1
L1,O1
L1,P1
L1,Q1
L1,R1
L1,S1
L1,T1
L1,U1
L1,V1
L1,W1
L1,X1
L1,Y1
L1,Z1
M1,N1
M1,O1
M1,P1
M1,Q1
M1,R1
M1,S1
M1,T1
M1,U1
M1,V1
M1,W1
M1,X1
M1,Y1
M1,Z1
N1,O1
N1,P1
N1,Q1
N1,R1
N1,S1
N1,T1
N1,U1
N1,V1
N1,W1
N1,X1
N1,Y1
N1,Z1
O1,P1
O1,Q1
O1,R1
O1,S1
O1,T1
O1,U1
O1,V1
O1,W1
O1,X1
O1,Y1
O1,Z1
P1,Q1
P1,R1
P1,S1
P1,T1
P1,U1
P1,V1
P1,W1
P1,X1
P1,Y1
P1,Z1
Q1,R1
Q1,S1
Q1,T1
Q1,U1
Q1,V1
Q1,W1
Q1,X1
Q1,Y1
Q1,Z1
R1,S1
R1,T1
R1,U1
R1,V1
R1,W1
R1,X1
R1,Y1
R1,Z1
S1,T1
S1,U1
S1,V1
S1,W1
S1,X1
S1,Y1
S1,Z1
T1,U1
T1,V1
T1,W1
T1,X1
T1,Y1
T1,Z1
U1,V1
U1,W1
U1,X1
U1,Y1
U1,Z1
V1,W1
V1,X1
V1,Y1
V1,Z1
W1,X1
W1,Y1
W1,Z1
X1,Y1
X1,Z1
Y1,Z1
